date,meantemp,humidity
2013/1/1,10,84.5
2013/1/2,7.4,92
2013/1/3,7.166666667,87
2013/1/4,8.666666667,71.33333333
2013/1/5,6,86.83333333
2013/1/6,7,82.8
2013/1/7,7,78.6
2013/1/8,8.857142857,63.71428571
2013/1/9,14,51.25
2013/1/10,11,62
2013/1/11,15.71428571,51.28571429
2013/1/12,14,74
2013/1/13,15.83333333,75.16666667
2013/1/14,12.83333333,88.16666667
2013/1/15,14.71428571,71.85714286
2013/1/16,13.83333333,86.66666667
2013/1/17,16.5,80.83333333
2013/1/18,13.83333333,92.16666667
2013/1/19,12.5,76.66666667
2013/1/20,11.28571429,75.28571429
2013/1/21,11.2,77
2013/1/22,9.5,79.66666667
2013/1/23,14,60.16666667
2013/1/24,13.83333333,60.66666667
2013/1/25,12.25,67
2013/1/26,12.66666667,64.16666667
2013/1/27,12.85714286,65.57142857
2013/1/28,14.83333333,56
2013/1/29,14.125,65.5
2013/1/30,14.71428571,70.42857143
2013/1/31,16.2,65.6
2013/2/1,16,73
2013/2/2,16.28571429,77.57142857
2013/2/3,18,65.57142857
2013/2/4,17.42857143,74.28571429
2013/2/5,16.625,92.375
2013/2/6,16.66666667,71.33333333
2013/2/7,15.6,59.4
2013/2/8,14,70.42857143
2013/2/9,15.42857143,61.28571429
2013/2/10,15.25,71.5
2013/2/11,15.875,70.5
2013/2/12,15.33333333,70.33333333
2013/2/13,16.28571429,70.14285714
2013/2/14,17.33333333,63.83333333
2013/2/15,19.16666667,65.33333333
2013/2/16,14.42857143,92.71428571
2013/2/17,13.66666667,90
2013/2/18,15.6,78.4
2013/2/19,15.85714286,82
2013/2/20,17.71428571,74.71428571
2013/2/21,20,67.28571429
2013/2/22,20.5,65.625
2013/2/23,17.42857143,74.85714286
2013/2/24,16.85714286,78.85714286
2013/2/25,16.875,72.875
2013/2/26,17.85714286,70
2013/2/27,20.8,57.2
2013/2/28,19.42857143,52.85714286
2013/3/1,17.33333333,49.33333333
2013/3/2,19,54
2013/3/3,19.33333333,62.83333333
2013/3/4,17.6,71
2013/3/5,20.875,61.875
2013/3/6,20.85714286,65.28571429
2013/3/7,23.42857143,57.14285714
2013/3/8,24.16666667,44.83333333
2013/3/9,25.42857143,49.71428571
2013/3/10,23.14285714,57.57142857
2013/3/11,24,66.33333333
2013/3/12,23.5,62.5
2013/3/13,21.5,70.5
2013/3/14,22.33333333,61.16666667
2013/3/15,24.16666667,45.83333333
2013/3/16,20.33333333,67.66666667
2013/3/17,22.66666667,58.66666667
2013/3/18,23.42857143,58.14285714
2013/3/19,22.5,73.66666667
2013/3/20,29.16666667,36.33333333
2013/3/21,23.83333333,58.5
2013/3/22,25.25,50.25
2013/3/23,27.375,50.125
2013/3/24,27,48.75
2013/3/25,23.5,45.5
2013/3/26,24.14285714,44.57142857
2013/3/27,21,62
2013/3/28,22.42857143,62.71428571
2013/3/29,21.25,70.375
2013/3/30,23.5,54.75
2013/3/31,23.2,58
2013/4/1,25.375,45.5
2013/4/2,25.16666667,51
2013/4/3,26.2,45.6
2013/4/4,24.6,41.8
2013/4/5,25.6,31
2013/4/6,25.85714286,29.85714286
2013/4/7,29.14285714,23.28571429
2013/4/8,28.71428571,33.85714286
2013/4/9,30.16666667,30.5
2013/4/10,30,28
2013/4/11,30,24.2
2013/4/12,28.85714286,32.57142857
2013/4/13,30.2,29.2
2013/4/14,28.25,39.375
2013/4/15,28.25,41.375
2013/4/16,32.125,24.625
2013/4/17,29.2,24.2
2013/4/18,30.28571429,30.28571429
2013/4/19,28.28571429,31.28571429
2013/4/20,30.625,29
2013/4/21,27.66666667,38.66666667
2013/4/22,27.375,45.375
2013/4/23,28.625,44.125
2013/4/24,30.28571429,41.71428571
2013/4/25,31.14285714,38.28571429
2013/4/26,29.875,45.875
2013/4/27,31.14285714,31.42857143
2013/4/28,30.57142857,28
2013/4/29,32.125,26.375
2013/4/30,31.14285714,32
2013/5/1,31.85714286,15.85714286
2013/5/2,29.83333333,22.16666667
2013/5/3,28.57142857,31.57142857
2013/5/4,32.85714286,31.42857143
2013/5/5,32.625,31.125
2013/5/6,32.75,39.25
2013/5/7,32.875,33.25
2013/5/8,34.5,23
2013/5/9,34.28571429,26
2013/5/10,34,27.71428571
2013/5/11,30.75,30.375
2013/5/12,29.85714286,40.14285714
2013/5/13,31.71428571,34
2013/5/14,32.28571429,34.28571429
2013/5/15,33,33
2013/5/16,33,34.75
2013/5/17,32.83333333,28.16666667
2013/5/18,31.4,42.2
2013/5/19,35.33333333,22.33333333
2013/5/20,36.4,24.2
2013/5/21,36,19
2013/5/22,36.75,22.125
2013/5/23,37.5,23.33333333
2013/5/24,38.42857143,27.42857143
2013/5/25,38.71428571,22.42857143
2013/5/26,37.8,21.2
2013/5/27,35.85714286,31.57142857
2013/5/28,35.33333333,29
2013/5/29,34.14285714,27.85714286
2013/5/30,32.2,28.2
2013/5/31,33.625,40.125
2013/6/1,32,54
2013/6/2,32.4,56.6
2013/6/3,35.6,47
2013/6/4,35.85714286,42.57142857
2013/6/5,37.16666667,36.5
2013/6/6,31.28571429,61.71428571
2013/6/7,34,49.25
2013/6/8,34.2,57.4
2013/6/9,36.16666667,40
2013/6/10,36.625,42.75
2013/6/11,30.16666667,61.66666667
2013/6/12,34.14285714,54.14285714
2013/6/13,29.83333333,68.66666667
2013/6/14,30.14285714,68.14285714
2013/6/15,30.71428571,65
2013/6/16,27,88.85714286
2013/6/17,26.875,87.375
2013/6/18,28.4,83.6
2013/6/19,29.85714286,72.85714286
2013/6/20,33,52.71428571
2013/6/21,34.83333333,47.33333333
2013/6/22,35.6,39.4
2013/6/23,35.16666667,53
2013/6/24,33.14285714,55
2013/6/25,30.57142857,70.42857143
2013/6/26,30.66666667,71.5
2013/6/27,31.42857143,61.85714286
2013/6/28,31.5,64.25
2013/6/29,33.25,57
2013/6/30,32.83333333,52.16666667
2013/7/1,33.85714286,54
2013/7/2,33.14285714,58.28571429
2013/7/3,31.57142857,70
2013/7/4,32.375,67.5
2013/7/5,32.8,62.2
2013/7/6,31,73.14285714
2013/7/7,31.16666667,77.33333333
2013/7/8,29.83333333,75.16666667
2013/7/9,29,78.83333333
2013/7/10,29.75,75.375
2013/7/11,32.5,65.5
2013/7/12,28.875,86.625
2013/7/13,31.75,70.25
2013/7/14,30.75,71.625
2013/7/15,31.75,73.25
2013/7/16,29.875,83.875
2013/7/17,31.125,78.375
2013/7/18,31.75,76
2013/7/19,30.5,73.5
2013/7/20,26.83333333,90.66666667
2013/7/21,28.2,88
2013/7/22,29.5,80.33333333
2013/7/23,31.85714286,70.71428571
2013/7/24,29.71428571,84.14285714
2013/7/25,28.33333333,84.5
2013/7/26,30,73.85714286
2013/7/27,30.14285714,79
2013/7/28,32.28571429,67.42857143
2013/7/29,31,77.42857143
2013/7/30,30.5,75.66666667
2013/7/31,28.83333333,78.5
2013/8/1,30,73.5
2013/8/2,31.57142857,66.42857143
2013/8/3,32.5,62.33333333
2013/8/4,32.5,62.5
2013/8/5,29.5,77
2013/8/6,27.16666667,90.66666667
2013/8/7,28.375,85.25
2013/8/8,28.5,84
2013/8/9,27.16666667,87.5
2013/8/10,29.42857143,79.85714286
2013/8/11,30,76.83333333
2013/8/12,29.5,81.5
2013/8/13,30.75,72
2013/8/14,29.66666667,74.33333333
2013/8/15,27.71428571,85
2013/8/16,26.6,92
2013/8/17,27.42857143,91
2013/8/18,28.33333333,83.83333333
2013/8/19,28.16666667,84.66666667
2013/8/20,27.375,88.5
2013/8/21,28.33333333,81.16666667
2013/8/22,29.16666667,74.83333333
2013/8/23,31.28571429,73.14285714
2013/8/24,32,71.25
2013/8/25,29,90.75
2013/8/26,32,69.875
2013/8/27,32.14285714,57.28571429
2013/8/28,30.14285714,60.71428571
2013/8/29,31.5,57
2013/8/30,29.16666667,73
2013/8/31,29,71.75
2013/9/1,30,65.2
2013/9/2,31.85714286,50.85714286
2013/9/3,32.75,45.5
2013/9/4,31.71428571,48
2013/9/5,31.66666667,46
2013/9/6,30.57142857,55.71428571
2013/9/7,30.83333333,51.83333333
2013/9/8,28,71.75
2013/9/9,31,57.5
2013/9/10,29.66666667,66.33333333
2013/9/11,30.85714286,61.14285714
2013/9/12,31.16666667,60.33333333
2013/9/13,31.14285714,67.14285714
2013/9/14,30.5,67
2013/9/15,31.625,56.375
2013/9/16,29.66666667,60
2013/9/17,29.25,56.5
2013/9/18,29.14285714,58.57142857
2013/9/19,29.8,61.6
2013/9/20,28.66666667,70
2013/9/21,25.2,89
2013/9/22,28.33333333,79.66666667
2013/9/23,30.28571429,68
2013/9/24,30.75,65.75
2013/9/25,28.57142857,75
2013/9/26,28.2,78.8
2013/9/27,29,71.25
2013/9/28,30,67.33333333
2013/9/29,28.14285714,79.85714286
2013/9/30,26.85714286,84.57142857
2013/10/1,28.28571429,68.71428571
2013/10/2,29.2,61.4
2013/10/3,28.6,59
2013/10/4,24.83333333,84.33333333
2013/10/5,28.5,69
2013/10/6,29.75,66.5
2013/10/7,29.71428571,66.57142857
2013/10/8,29.2,69.4
2013/10/9,30.83333333,65.5
2013/10/10,29.42857143,66.28571429
2013/10/11,23.85714286,89.85714286
2013/10/12,26.14285714,82.57142857
2013/10/13,27.16666667,84.33333333
2013/10/14,27.71428571,74.85714286
2013/10/15,25.85714286,76.42857143
2013/10/16,26.42857143,75
2013/10/17,26.85714286,76.71428571
2013/10/18,26.33333333,73.16666667
2013/10/19,24.57142857,69.57142857
2013/10/20,24.33333333,67.83333333
2013/10/21,24.875,63.625
2013/10/22,27.8,53.6
2013/10/23,25,67.5
2013/10/24,23.85714286,73.14285714
2013/10/25,22.8,75.8
2013/10/26,23,78.2
2013/10/27,22.875,66.875
2013/10/28,22.66666667,63.16666667
2013/10/29,23,62.71428571
2013/10/30,22.85714286,67.42857143
2013/10/31,23.66666667,58.83333333
2013/11/1,23.42857143,69.14285714
2013/11/2,21.625,65
2013/11/3,20.625,57.875
2013/11/4,21.16666667,54.16666667
2013/11/5,18.83333333,74.33333333
2013/11/6,20.57142857,66.71428571
2013/11/7,20.14285714,73.14285714
2013/11/8,18,82.2
2013/11/9,19.85714286,73.57142857
2013/11/10,16.83333333,72
2013/11/11,18.85714286,61.85714286
2013/11/12,16.57142857,71.71428571
2013/11/13,17.75,65
2013/11/14,17.625,63.375
2013/11/15,17,67
2013/11/16,16.625,69.625
2013/11/17,15.57142857,67.42857143
2013/11/18,18.5,55.125
2013/11/19,17.875,63.5
2013/11/20,18.25,58.875
2013/11/21,17.875,66.25
2013/11/22,17.625,74.875
2013/11/23,18.14285714,77.85714286
2013/11/24,19.125,58.875
2013/11/25,21.25,49.875
2013/11/26,21.25,51.375
2013/11/27,19.125,68.5
2013/11/28,18.625,71.875
2013/11/29,17.75,66.625
2013/11/30,17.875,69.625
2013/12/1,18,65
2013/12/2,17.25,73.25
2013/12/3,17.5,73.5
2013/12/4,17.14285714,71.85714286
2013/12/5,17.14285714,69
2013/12/6,16.125,72.375
2013/12/7,16,80.5
2013/12/8,16.5,83.625
2013/12/9,16.125,79.25
2013/12/10,15.5,81.75
2013/12/11,16.625,71.875
2013/12/12,17.75,62.375
2013/12/13,17.14285714,67.71428571
2013/12/14,16.14285714,79
2013/12/15,15.5,86.25
2013/12/16,15.25,89.5
2013/12/17,14.75,92.875
2013/12/18,14.875,93
2013/12/19,16.125,89.125
2013/12/20,15.375,91.375
2013/12/21,14.75,94
2013/12/22,15.25,94
2013/12/23,14.25,88.25
2013/12/24,13.5,84.75
2013/12/25,13.66666667,63.16666667
2013/12/26,12.125,67.625
2013/12/27,11.875,79.875
2013/12/28,10.875,70
2013/12/29,10.57142857,69.42857143
2013/12/30,12.375,79.5
2013/12/31,14.5,89.375
2014/1/1,13.375,89.625
2014/1/2,11,78.375
2014/1/3,12.5,74.875
2014/1/4,12.875,88.125
2014/1/5,12.375,89
2014/1/6,11.42857143,86.28571429
2014/1/7,12.14285714,72.28571429
2014/1/8,11.875,76.875
2014/1/9,12.83333333,83
2014/1/10,12.375,85.375
2014/1/11,12.125,82.625
2014/1/12,12.875,80.875
2014/1/13,14,72.375
2014/1/14,14.875,76.75
2014/1/15,12,93.5
2014/1/16,12.28571429,90.57142857
2014/1/17,12,95.75
2014/1/18,12.5,94.25
2014/1/19,14.5,84.5
2014/1/20,14.625,83.5
2014/1/21,13.57142857,96.85714286
2014/1/22,15.25,96.125
2014/1/23,15.625,90.125
2014/1/24,13.875,88.875
2014/1/25,11.75,95.625
2014/1/26,14.375,85.75
2014/1/27,16.625,72.375
2014/1/28,16.625,69.875
2014/1/29,14.875,81.875
2014/1/30,14.5,83.25
2014/1/31,14.75,82.5
2014/2/1,14,79.375
2014/2/2,15.25,76.125
2014/2/3,18.42857143,63.85714286
2014/2/4,18.85714286,65.42857143
2014/2/5,17,72.75
2014/2/6,18.5,65.375
2014/2/7,19.625,67.25
2014/2/8,13.625,85.375
2014/2/9,12.875,63.375
2014/2/10,12.625,61.75
2014/2/11,13.375,64.625
2014/2/12,13.25,67
2014/2/13,15.25,64.5
2014/2/14,13,95.5
2014/2/15,12.375,89.5
2014/2/16,13.5,79
2014/2/17,15.125,66.125
2014/2/18,15.25,60.125
2014/2/19,15.125,75.375
2014/2/20,16.125,78.625
2014/2/21,17.125,72.25
2014/2/22,16.625,85.625
2014/2/23,16.5,80
2014/2/24,16.375,69.375
2014/2/25,18.125,69
2014/2/26,18.75,71.125
2014/2/27,18.625,76.625
2014/2/28,15.625,88.375
2014/3/1,16.14285714,87.28571429
2014/3/2,16.125,79
2014/3/3,17.875,65.625
2014/3/4,18.75,66.375
2014/3/5,18.875,67
2014/3/6,18.375,64
2014/3/7,18.5,62.875
2014/3/8,19.875,63.875
2014/3/9,22,56.625
2014/3/10,20,63.875
2014/3/11,20.71428571,70
2014/3/12,20,68.875
2014/3/13,19,60.625
2014/3/14,19.625,61.25
2014/3/15,21.625,62.625
2014/3/16,23.125,58.5
2014/3/17,26.25,52.125
2014/3/18,24.85714286,53.42857143
2014/3/19,21.75,57.375
2014/3/20,21.5,55
2014/3/21,22.5,64.75
2014/3/22,25,59.5
2014/3/23,22.75,61.875
2014/3/24,22.375,73.125
2014/3/25,24.625,60.25
2014/3/26,25.125,58.875
2014/3/27,23.5,63.25
2014/3/28,24.42857143,67.57142857
2014/3/29,25.875,55.625
2014/3/30,24.125,46.75
2014/3/31,24.125,44.125
2014/4/1,24.875,45.75
2014/4/2,26.75,43.375
2014/4/3,25,48
2014/4/4,25.85714286,47.85714286
2014/4/5,27.375,44
2014/4/6,30.125,45.25
2014/4/7,27.25,47.625
2014/4/8,25.75,41.875
2014/4/9,25.75,35.25
2014/4/10,26.375,29.25
2014/4/11,28.14285714,29
2014/4/12,29.125,39.875
2014/4/13,26.875,40.375
2014/4/14,27.625,46.625
2014/4/15,29,48.125
2014/4/16,27.125,53.625
2014/4/17,26.375,49.625
2014/4/18,24.25,64.375
2014/4/19,25.625,57.875
2014/4/20,27,48
2014/4/21,28,33.125
2014/4/22,29.375,29.375
2014/4/23,29.125,37
2014/4/24,29.375,35.875
2014/4/25,30.625,34.375
2014/4/26,31.5,32
2014/4/27,30.625,30
2014/4/28,31.5,27.875
2014/4/29,32.125,28.875
2014/4/30,33.25,25.5
2014/5/1,34.875,22.5
2014/5/2,34.375,24.75
2014/5/3,31.75,33.375
2014/5/4,31.875,34.375
2014/5/5,29.75,53.25
2014/5/6,29.57142857,51.14285714
2014/5/7,31.75,48.625
2014/5/8,31.375,43
2014/5/9,30.5,39.625
2014/5/10,30,37.625
2014/5/11,29.625,40.375
2014/5/12,28,53.375
2014/5/13,25.25,65.75
2014/5/14,26.875,55.25
2014/5/15,29.5,39.875
2014/5/16,31.125,40.25
2014/5/17,29.875,47.625
2014/5/18,31.5,35.375
2014/5/19,32.375,29.5
2014/5/20,31.125,34
2014/5/21,33,32.5
2014/5/22,33.25,33.375
2014/5/23,34.625,32.75
2014/5/24,31.5,50.5
2014/5/25,31.5,43.25
2014/5/26,30.125,54.125
2014/5/27,31.875,49.75
2014/5/28,33.625,44.5
2014/5/29,35.25,40.125
2014/5/30,33.125,44.5
2014/5/31,34.625,39
2014/6/1,32.75,34.25
2014/6/2,32.75,41.375
2014/6/3,34.875,33.625
2014/6/4,35.25,33.125
2014/6/5,36.875,26.875
2014/6/6,37.5,27.625
2014/6/7,38.5,22.75
2014/6/8,37.625,26.25
2014/6/9,37.875,32.125
2014/6/10,37.25,20.875
2014/6/11,37.625,23.125
2014/6/12,32.875,39.25
2014/6/13,30.25,55.125
2014/6/14,30.5,66.875
2014/6/15,33.875,52
2014/6/16,36.375,41.375
2014/6/17,36.875,42.125
2014/6/18,33.875,58
2014/6/19,35.75,47.875
2014/6/20,38,36.125
2014/6/21,36.875,40.125
2014/6/22,34.5,46.75
2014/6/23,32.125,49.75
2014/6/24,33,46.25
2014/6/25,32.25,53.25
2014/6/26,32.5,60.375
2014/6/27,34.75,48.5
2014/6/28,34.875,49
2014/6/29,33,57.75
2014/6/30,32,67.75
2014/7/1,31.375,65.125
2014/7/2,29.5,71.375
2014/7/3,28.875,75.125
2014/7/4,31.38888889,69
2014/7/5,34.70588235,52.05882353
2014/7/6,30.625,61.125
2014/7/7,34,48.75
2014/7/8,35,39.5
2014/7/9,36,37.125
2014/7/10,36.125,38.75
2014/7/11,36.625,38.625
2014/7/12,35.875,51.375
2014/7/13,31.625,69.75
2014/7/14,32.375,67.875
2014/7/15,33.125,62.625
2014/7/16,32.625,63
2014/7/17,30.75,74.25
2014/7/18,27.25,83.875
2014/7/19,29.875,71
2014/7/20,30.875,68.875
2014/7/21,32.125,65.5
2014/7/22,31.625,69.75
2014/7/23,30.625,72.875
2014/7/24,30.5,63.625
2014/7/25,30.75,63.25
2014/7/26,32.5,61.5
2014/7/27,31.71428571,65.42857143
2014/7/28,30,75.75
2014/7/29,30.25,69.875
2014/7/30,31.875,65.75
2014/7/31,32.5,65.75
2014/8/1,33.25,59.5
2014/8/2,30.125,77.75
2014/8/3,31.5,66.25
2014/8/4,30.5,69.75
2014/8/5,29.75,77.5
2014/8/6,32.125,65
2014/8/7,31.125,65.375
2014/8/8,31,67.875
2014/8/9,29.23529412,80.47058824
2014/8/10,28.5,89.90625
2014/8/11,31.125,72.125
2014/8/12,32.125,57.5
2014/8/13,32.125,57.71428571
2014/8/14,30.375,57.5
2014/8/15,31.125,54.875
2014/8/16,30.42857143,59.85714286
2014/8/17,31.375,53.875
2014/8/18,31.875,56.625
2014/8/19,33,52.42857143
2014/8/20,33.25,47.125
2014/8/21,32.5,43
2014/8/22,33,47.125
2014/8/23,33.125,45.75
2014/8/24,33.125,46.25
2014/8/25,33.875,46.625
2014/8/26,34.125,40.25
2014/8/27,33.85714286,44.71428571
2014/8/28,29.625,67.75
2014/8/29,30.375,69.25
2014/8/30,28.625,78.125
2014/8/31,27.625,86.125
2014/9/1,29.42857143,65.85714286
2014/9/2,29.25,71
2014/9/3,28.625,77.875
2014/9/4,27.875,80.75
2014/9/5,26.5,85.75
2014/9/6,28.5,76.875
2014/9/7,31,67.625
2014/9/8,31.25,66.375
2014/9/9,31,70.125
2014/9/10,28.75,77.5
2014/9/11,26.57142857,85.71428571
2014/9/12,28.5,73
2014/9/13,29.375,68.25
2014/9/14,29.125,65.5
2014/9/15,29.625,63.125
2014/9/16,30.625,65.125
2014/9/17,30.625,61.875
2014/9/18,30.5,62.375
2014/9/19,31,56.625
2014/9/20,31.125,55.75
2014/9/21,30.5,54.875
2014/9/22,30.625,50
2014/9/23,31,47
2014/9/24,29.625,53
2014/9/25,30,52.5
2014/9/26,30,52.5
2014/9/27,30.5,46.875
2014/9/28,30.25,48.875
2014/9/29,30.5,48.75
2014/9/30,30.625,50.125
2014/10/1,30.42857143,52.85714286
2014/10/2,30.375,53.375
2014/10/3,30.5,52.625
2014/10/4,31,53.5
2014/10/5,30.625,56.125
2014/10/6,30.625,56.75
2014/10/7,31,59.375
2014/10/8,28.75,52.75
2014/10/9,27.625,49.875
2014/10/10,27.125,57.375
2014/10/11,25.71428571,57.14285714
2014/10/12,26,58.625
2014/10/13,27.625,59.75
2014/10/14,24.5,67.625
2014/10/15,24.5,68
2014/10/16,23,58.875
2014/10/17,25,47.66666667
2014/10/18,24,56.14285714
2014/10/19,23.75,57.75
2014/10/20,24.75,55.625
2014/10/21,25.625,56.125
2014/10/22,25.75,64.875
2014/10/23,25.25,66
2014/10/24,25.5,67.5
2014/10/25,25.25,67.125
2014/10/26,25.125,65.5
2014/10/27,24.875,62.875
2014/10/28,25.125,64.75
2014/10/29,24.75,65.75
2014/10/30,23.875,61.375
2014/10/31,23.375,58.25
2014/11/1,22.5,50.875
2014/11/2,22.875,49.125
2014/11/3,23.375,52.75
2014/11/4,23.625,56.625
2014/11/5,22.75,56.25
2014/11/6,23,56.25
2014/11/7,24,66.125
2014/11/8,23.875,66.25
2014/11/9,24.125,56.375
2014/11/10,21.375,52.125
2014/11/11,19.25,55.125
2014/11/12,19.625,52
2014/11/13,18.5,50.5
2014/11/14,18.375,43
2014/11/15,18.625,44.75
2014/11/16,18.25,47.625
2014/11/17,17.75,51.75
2014/11/18,17.625,53
2014/11/19,17.5,58.125
2014/11/20,20.375,54.625
2014/11/21,18.25,62.125
2014/11/22,19.875,58.875
2014/11/23,17.125,57.375
2014/11/24,16.875,52.25
2014/11/25,16.5,51.5
2014/11/26,19.625,51
2014/11/27,18.125,63.875
2014/11/28,19.375,67.375
2014/11/29,20.25,67.625
2014/11/30,19.75,54.75
2014/12/1,20,42.625
2014/12/2,21.375,47.625
2014/12/3,25,66.57142857
2014/12/4,21.25,68.875
2014/12/5,17.75,59.875
2014/12/6,18.25,48.875
2014/12/7,17.25,48.375
2014/12/8,17,49.875
2014/12/9,15.28571429,67.57142857
2014/12/10,21.5,65.5
2014/12/11,19.625,70.5
2014/12/12,17.5,65.625
2014/12/13,16,71.875
2014/12/14,16.875,86.625
2014/12/15,16.625,75.75
2014/12/16,17.75,72.375
2014/12/17,12.875,72.125
2014/12/18,11.75,79.75
2014/12/19,11.75,81.75
2014/12/20,11.25,77
2014/12/21,9.5,79.125
2014/12/22,9.375,85
2014/12/23,9.625,78.625
2014/12/24,9.875,83
2014/12/25,9.25,81.125
2014/12/26,10.75,77
2014/12/27,10.375,69
2014/12/28,9,86
2014/12/29,11.125,72.625
2014/12/30,11.625,70.625
2014/12/31,12.375,67.125
2015/1/1,14.75,72
2015/1/2,14.875,96.625
2015/1/3,15.125,92
2015/1/4,14.125,78.75
2015/1/5,14,69.375
2015/1/6,12,79.875
2015/1/7,9.625,86
2015/1/8,10,87.875
2015/1/9,10.625,80.625
2015/1/10,11.125,73.125
2015/1/11,11,80.75
2015/1/12,10.625,79.5
2015/1/13,12.25,77.875
2015/1/14,12,82.25
2015/1/15,12.375,79.125
2015/1/16,13,78.125
2015/1/17,13.5,76.625
2015/1/18,13,73.875
2015/1/19,13.75,78
2015/1/20,13.375,74.375
2015/1/21,13.25,73.375
2015/1/22,12.625,94.125
2015/1/23,14.625,85
2015/1/24,12.375,86.25
2015/1/25,13.25,77.75
2015/1/26,13.75,88.125
2015/1/27,13.25,74.25
2015/1/28,11.71428571,67
2015/1/29,11.5,67.5
2015/1/30,12.75,56.125
2015/1/31,13.75,57.625
2015/2/1,15,65.25
2015/2/2,17.375,63.875
2015/2/3,16.75,71.25
2015/2/4,14.625,81.125
2015/2/5,14.625,62.875
2015/2/6,15.125,62.625
2015/2/7,15.875,67.625
2015/2/8,16.625,63.875
2015/2/9,16.875,63.5
2015/2/10,15.75,64
2015/2/11,16,66.625
2015/2/12,15.5,69.625
2015/2/13,17.25,59
2015/2/14,19.375,63.125
2015/2/15,18.875,70.125
2015/2/16,20.625,71.25
2015/2/17,21.14285714,72.57142857
2015/2/18,21.25,72.875
2015/2/19,22.75,73.5
2015/2/20,22.75,67.125
2015/2/21,21.875,63.5
2015/2/22,22.14285714,58.85714286
2015/2/23,21.5,74.375
2015/2/24,22.875,72.375
2015/2/25,23.125,58.625
2015/2/26,20,34.375
2015/2/27,19.25,43.125
2015/2/28,21.25,45.5
2015/3/1,17.375,92.75
2015/3/2,17.5,89.875
2015/3/3,16.25,82.5
2015/3/4,16.75,69.25
2015/3/5,18.75,64
2015/3/6,20,62.375
2015/3/7,18.375,80.375
2015/3/8,19.5,74.125
2015/3/9,18.125,54.25
2015/3/10,17.75,68.5
2015/3/11,18.25,69.875
2015/3/12,20.5,63.375
2015/3/13,21.375,65.25
2015/3/14,21.5,64.625
2015/3/15,17.625,89.125
2015/3/16,19.85714286,81.85714286
2015/3/17,20.875,70.375
2015/3/18,20.25,69.625
2015/3/19,21.125,66
2015/3/20,22.5,65.75
2015/3/21,24.875,60.5
2015/3/22,25.125,64
2015/3/23,24.75,65.75
2015/3/24,25.75,65.5
2015/3/25,26.625,65.625
2015/3/26,28.5,54.375
2015/3/27,27.375,51.375
2015/3/28,27,53.625
2015/3/29,25,52.75
2015/3/30,23.5,66.25
2015/3/31,25.25,64.875
2015/4/1,26.42857143,59.71428571
2015/4/2,28.71428571,45.28571429
2015/4/3,24.5,71.125
2015/4/4,21,77.5
2015/4/5,23.57142857,67.71428571
2015/4/6,25,60.125
2015/4/7,23.75,62.125
2015/4/8,25.625,50.375
2015/4/9,26,52.875
2015/4/10,27.125,52.25
2015/4/11,28.25,44.875
2015/4/12,24.375,63
2015/4/13,24.75,70.875
2015/4/14,26.25,62.75
2015/4/15,27.625,59.25
2015/4/16,25.25,58.25
2015/4/17,28.125,48.75
2015/4/18,30.125,44.5
2015/4/19,32.125,41
2015/4/20,32.875,37.875
2015/4/21,31.75,28.5
2015/4/22,30.75,30.25
2015/4/23,30.75,33
2015/4/24,31.125,39.5
2015/4/25,30.5,43.125
2015/4/26,28.75,51.125
2015/4/27,30.125,53
2015/4/28,31,48.25
2015/4/29,31.25,47.25
2015/4/30,32.625,44.75
2015/5/1,31.25,43.5
2015/5/2,30.125,40.25
2015/5/3,31,39.25
2015/5/4,30.875,39.25
2015/5/5,32.125,31.125
2015/5/6,34.125,22
2015/5/7,35.42857143,13.42857143
2015/5/8,34.125,22.375
2015/5/9,35.125,27
2015/5/10,35.125,25
2015/5/11,34,32.625
2015/5/12,33.125,46
2015/5/13,27.75,61
2015/5/14,29.625,49.625
2015/5/15,28.5,52.125
2015/5/16,30,51.625
2015/5/17,33.25,40.375
2015/5/18,35.375,35.75
2015/5/19,31.5,44
2015/5/20,33.125,31.625
2015/5/21,35.625,24.625
2015/5/22,36.25,19.5
2015/5/23,37.375,21.75
2015/5/24,36,29.25
2015/5/25,37.75,22.25
2015/5/26,35.25,26.625
2015/5/27,33.75,20.5
2015/5/28,34.75,29.5
2015/5/29,35.125,27.25
2015/5/30,32.25,38.75
2015/5/31,34.25,25
2015/6/1,29.375,41.75
2015/6/2,31.625,39.25
2015/6/3,28.625,50.5
2015/6/4,31.875,48.375
2015/6/5,32.625,39.875
2015/6/6,33.375,39.75
2015/6/7,35,36.25
2015/6/8,36.5,33
2015/6/9,37.625,23.875
2015/6/10,36.625,32.28571429
2015/6/11,35.625,34.75
2015/6/12,35.875,34.625
2015/6/13,31.125,48.125
2015/6/14,27,77.625
2015/6/15,31,60.75
2015/6/16,32.375,52.125
2015/6/17,33.875,49.75
2015/6/18,35.125,45.125
2015/6/19,35.875,46.75
2015/6/20,33.125,48.5
2015/6/21,30.375,63.625
2015/6/22,32.125,59.5
2015/6/23,31.5,61.625
2015/6/24,37.25,63.875
2015/6/25,26.625,82.75
2015/6/26,31.125,54.25
2015/6/27,32.625,48.25
2015/6/28,34.25,47.5
2015/6/29,31.125,56.625
2015/6/30,30.875,58.625
2015/7/1,32,53.25
2015/7/2,33.75,45.875
2015/7/3,33,49
2015/7/4,34.125,51.5
2015/7/5,35.71428571,47.28571429
2015/7/6,27.875,83.25
2015/7/7,28.125,86.125
2015/7/8,31.25,72
2015/7/9,29.625,77.25
2015/7/10,26.625,92.125
2015/7/11,25.5,98
2015/7/12,25.5,94.75
2015/7/13,29.875,73.125
2015/7/14,30.875,67.875
2015/7/15,33.375,52.875
2015/7/16,31.75,61.375
2015/7/17,30.75,75.625
2015/7/18,29.5,78.875
2015/7/19,30.125,70
2015/7/20,29.125,78
2015/7/21,31.375,69.25
2015/7/22,32.25,64.125
2015/7/23,32.125,64.875
2015/7/24,32,64.75
2015/7/25,30.85714286,71
2015/7/26,30,71.625
2015/7/27,29.625,69
2015/7/28,29.5,61
2015/7/29,28.5,68.125
2015/7/30,29,67.75
2015/7/31,29,71
2015/8/1,28.25,71.75
2015/8/2,29.625,69.5
2015/8/3,31.5,58.625
2015/8/4,29.42857143,77.78571429
2015/8/5,29.59375,79.65625
2015/8/6,29.5,79.125
2015/8/7,29.25,83
2015/8/8,28.875,84.875
2015/8/9,27.375,90.125
2015/8/10,30.375,77
2015/8/11,28.375,86.625
2015/8/12,30.75,74.25
2015/8/13,32,69.5
2015/8/14,30.875,72.625
2015/8/15,28.5,85.5
2015/8/16,28.625,82.625
2015/8/17,30.75,72.625
2015/8/18,29.125,72.875
2015/8/19,31.25,61.25
2015/8/20,30.75,58.625
2015/8/21,29.375,72
2015/8/22,30.25,65.375
2015/8/23,29.875,69.375
2015/8/24,30.75,65.625
2015/8/25,32,57.28571429
2015/8/26,32,61
2015/8/27,32.5,61
2015/8/28,32,63.5
2015/8/29,32.25,58
2015/8/30,32.625,56.5
2015/8/31,31.85714286,54.42857143
2015/9/1,32.125,47.625
2015/9/2,31.875,45.625
2015/9/3,31.625,49.125
2015/9/4,32,42.625
2015/9/5,30.875,47.25
2015/9/6,31.25,41.8
2015/9/7,31.5,46.375
2015/9/8,31.625,47
2015/9/9,31,47.875
2015/9/10,31.25,46.5
2015/9/11,30.75,49.75
2015/9/12,32.14285714,54.42857143
2015/9/13,32.125,55.25
2015/9/14,31.875,54.375
2015/9/15,33,55
2015/9/16,32.375,55
2015/9/17,31.375,58.375
2015/9/18,31,67.625
2015/9/19,30.625,74.25
2015/9/20,29.14285714,69.14285714
2015/9/21,30.125,64.5
2015/9/22,30.25,64.375
2015/9/23,28.625,61.25
2015/9/24,28.25,52.375
2015/9/25,28.5,49.375
2015/9/26,29.25,53.5
2015/9/27,28.71428571,58.14285714
2015/9/28,28.25,58.5
2015/9/29,29,54.57142857
2015/9/30,29,46.875
2015/10/1,28.125,51.25
2015/10/2,28.28571429,53.71428571
2015/10/3,30,52.33333333
2015/10/4,29,54.375
2015/10/5,28.875,59.375
2015/10/6,28.375,61.125
2015/10/7,28.625,65.75
2015/10/8,28.375,65.125
2015/10/9,28.5,59.75
2015/10/10,28.5,54.625
2015/10/11,28.57142857,51.57142857
2015/10/12,29.25,54.125
2015/10/13,29.5,62.875
2015/10/14,28.125,63.625
2015/10/15,27.5,66
2015/10/16,27.875,62.625
2015/10/17,28,63.75
2015/10/18,26.85714286,71.71428571
2015/10/19,28.14285714,66.28571429
2015/10/20,27.71428571,64.85714286
2015/10/21,26.5,62.125
2015/10/22,24.75,56
2015/10/23,24,51.625
2015/10/24,24.875,53.25
2015/10/25,26.375,47.125
2015/10/26,25.625,52.125
2015/10/27,24.75,54.25
2015/10/28,20.875,57.25
2015/10/29,22.125,63.5
2015/10/30,22.375,67.25
2015/10/31,22.375,69.375
2015/11/1,22.875,70.5
2015/11/2,23.375,71.375
2015/11/3,24,67.875
2015/11/4,23.75,69
2015/11/5,22.125,75.25
2015/11/6,22.875,74.375
2015/11/7,21.875,74.875
2015/11/8,21.875,70.25
2015/11/9,21.75,73.625
2015/11/10,22.75,72.625
2015/11/11,21.875,59.5
2015/11/12,21.875,60.5
2015/11/13,22.375,59.375
2015/11/14,22.375,59.625
2015/11/15,22.5,62
2015/11/16,21.875,50.375
2015/11/17,19.875,48.375
2015/11/18,18.5,57.625
2015/11/19,18.5,64.75
2015/11/20,18.5,66
2015/11/21,18.75,67.625
2015/11/22,18.625,64.875
2015/11/23,17,73.5
2015/11/24,18.5,63
2015/11/25,19.375,56.375
2015/11/26,20,59.5
2015/11/27,18.5,66.25
2015/11/28,18.75,82.125
2015/11/29,18.125,81.25
2015/11/30,19.5,82.375
2015/12/1,19.25,78.75
2015/12/2,18.125,72.125
2015/12/3,17.625,70.25
2015/12/4,17.625,67.5
2015/12/5,17.5,72.375
2015/12/6,17.125,75.875
2015/12/7,17.625,76.875
2015/12/8,18.42857143,71.28571429
2015/12/9,18.375,78.125
2015/12/10,19,77.25
2015/12/11,17.25,77.875
2015/12/12,13.25,91
2015/12/13,12.875,67
2015/12/14,13.25,63.625
2015/12/15,13.125,63.875
2015/12/16,13,65.5
2015/12/17,12.25,73.625
2015/12/18,12.875,71.25
2015/12/19,12.375,71.875
2015/12/20,11.75,70.25
2015/12/21,12.625,74.75
2015/12/22,12,79.875
2015/12/23,12.5,81.375
2015/12/24,11.25,68.625
2015/12/25,11.5,66.125
2015/12/26,12.75,64.5
2015/12/27,15.375,63.25
2015/12/28,17.125,58.125
2015/12/29,16.375,65
2015/12/30,15.5,71.75
2015/12/31,15,71.375
2016/1/1,14.71428571,72.28571429
2016/1/2,14,75.875
2016/1/3,14.375,74.75
2016/1/4,15.75,77.125
2016/1/5,15.83333333,88.83333333
2016/1/6,17.375,81.625
2016/1/7,17.125,87
2016/1/8,15.5,83.25
2016/1/9,15.85714286,65.14285714
2016/1/10,15.625,74.375
2016/1/11,15.75,74.875
2016/1/12,18,69.6875
2016/1/13,18.26666667,75.8
2016/1/14,15.5625,80.4375
2016/1/15,13,84.1875
2016/1/16,13.6,80.06666667
2016/1/17,14,77.66666667
2016/1/18,13.26666667,80.46666667
2016/1/19,12.35714286,88.57142857
2016/1/20,12.06666667,84.2
2016/1/21,12.1875,73.1875
2016/1/22,11.73333333,83.4
2016/1/23,14.4375,75.875
2016/1/24,11.1875,86.25
2016/1/25,11.66666667,75.4
2016/1/26,14.5625,79.6875
2016/1/27,17.58333333,69.16666667
2016/1/28,16.85714286,69.35714286
2016/1/29,19.5625,70.625
2016/1/30,20.14285714,78.5
2016/1/31,17.375,78.25
2016/2/1,15.84615385,65.76923077
2016/2/2,15.26666667,55.86666667
2016/2/3,13.125,66.5
2016/2/4,16.36363636,53
2016/2/5,12.66666667,70.66666667
2016/2/6,15.33333333,69.5
2016/2/7,15.625,77
2016/2/8,17.09090909,67.18181818
2016/2/9,17.76923077,67.46153846
2016/2/10,18.13333333,64.86666667
2016/2/11,19.6875,54.75
2016/2/12,19.2,57.86666667
2016/2/13,17.06666667,62.13333333
2016/2/14,17.64285714,61.92857143
2016/2/15,17.6,59.53333333
2016/2/16,18.21428571,56.14285714
2016/2/17,18.71428571,59.28571429
2016/2/18,19.46666667,76
2016/2/19,23.15384615,70.23076923
2016/2/20,23.625,73.125
2016/2/21,21,61.125
2016/2/22,21,51.42857143
2016/2/23,21.42857143,50.64285714
2016/2/24,21.6875,58.0625
2016/2/25,22.5625,57.5
2016/2/26,22.8,55.6
2016/2/27,22.8,59
2016/2/28,23,63.0625
2016/2/29,23.875,63.9375
2016/3/1,24.91666667,57.41666667
2016/3/2,24.93333333,57.06666667
2016/3/3,26,55.61538462
2016/3/4,27.3125,44.25
2016/3/5,23.93333333,57.13333333
2016/3/6,22.8125,66.5625
2016/3/7,23.71428571,64.14285714
2016/3/8,23.42857143,60.21428571
2016/3/9,24,57.5625
2016/3/10,25.5625,57.4375
2016/3/11,25.06666667,67.8
2016/3/12,24.5625,66.9375
2016/3/13,24.25,65.1875
2016/3/14,22.375,66
2016/3/15,24.06666667,58.93333333
2016/3/16,23.9375,53.75
2016/3/17,26.3125,50.3125
2016/3/18,26.1875,61.25
2016/3/19,26.78571429,61.85714286
2016/3/20,27.13333333,58.73333333
2016/3/21,26.625,43.375
2016/3/22,25.0625,37.875
2016/3/23,26.2,43.26666667
2016/3/24,28.13333333,46.86666667
2016/3/25,29.875,50.1875
2016/3/26,24.66666667,62.66666667
2016/3/27,26.25,53.6875
2016/3/28,25.93333333,52.8
2016/3/29,27.125,47.75
2016/3/30,29.57142857,39.78571429
2016/3/31,30,39.73333333
2016/4/1,30.57142857,38.21428571
2016/4/2,32.3125,38.5625
2016/4/3,33.3125,44.25
2016/4/4,32.8125,33.125
2016/4/5,32.3125,29.3125
2016/4/6,31.375,33.125
2016/4/7,29.93333333,37
2016/4/8,29.26666667,36
2016/4/9,30.73333333,32.46666667
2016/4/10,32.25,29
2016/4/11,29.8,35
2016/4/12,30.2,36.2
2016/4/13,31.75,28.0625
2016/4/14,33.125,23.875
2016/4/15,33.625,25.375
2016/4/16,35.6875,23.6875
2016/4/17,34.66666667,23.86666667
2016/4/18,34.625,30.125
2016/4/19,34,33.6
2016/4/20,34.0625,25.9375
2016/4/21,34,24.66666667
2016/4/22,33.25,24.25
2016/4/23,31.91666667,21.81818182
2016/4/24,31.3125,22.125
2016/4/25,31.75,22.8125
2016/4/26,33.4375,25.1875
2016/4/27,33.125,29.0625
2016/4/28,34.15384615,21.76923077
2016/4/29,34.07142857,23.28571429
2016/4/30,33.0625,25.5625
2016/5/1,34.6875,23.375
2016/5/2,38,18.46666667
2016/5/3,35.5,30.375
2016/5/4,33.71428571,31.85714286
2016/5/5,30.6,42
2016/5/6,31.4375,37.4375
2016/5/7,33.3125,37.1875
2016/5/8,35.13333333,36.33333333
2016/5/9,33.53333333,40.6
2016/5/10,34,39.75
2016/5/11,32.5,49.9375
2016/5/12,35.375,40
2016/5/13,37.29411765,28.11764706
2016/5/14,36.5625,31.875
2016/5/15,37.25,29.5
2016/5/16,37.21428571,23.5
2016/5/17,37.5,25.8125
2016/5/18,37.75,27.625
2016/5/19,37.375,40.5
2016/5/20,37.4,44.2
2016/5/21,36.13333333,45.4
2016/5/22,36.8,44.8
2016/5/23,32.21428571,47.92857143
2016/5/24,31.52631579,53.52631579
2016/5/25,33.2173913,46.60869565
2016/5/26,35.26923077,44.57692308
2016/5/27,38.27272727,26.09090909
2016/5/28,36.0625,37.25
2016/5/29,31.5,57.0625
2016/5/30,26.8125,74.8125
2016/5/31,32.64285714,51.21428571
2016/6/1,36,42.2
2016/6/2,37.5625,35.3125
2016/6/3,37.5625,40.6875
2016/6/4,38.2,42.06666667
2016/6/5,36.16666667,51.75
2016/6/6,35.42857143,45.71428571
2016/6/7,34.625,59.1875
2016/6/8,36.07142857,44.64285714
2016/6/9,35.73333333,43.73333333
2016/6/10,36.13333333,41.86666667
2016/6/11,33.4375,49.9375
2016/6/12,35.5,37.125
2016/6/13,36,43.3125
2016/6/14,32.625,55.125
2016/6/15,34.73333333,48.86666667
2016/6/16,33.5,51.28571429
2016/6/17,34.1875,52.25
2016/6/18,35.85714286,50.57142857
2016/6/19,35.625,53.25
2016/6/20,30.9375,73.9375
2016/6/21,32.875,62.1875
2016/6/22,33.125,60.8125
2016/6/23,33.84615385,51.61538462
2016/6/24,36.4375,46.5625
2016/6/25,35.42857143,55.92857143
2016/6/26,34.86666667,57.46666667
2016/6/27,34.3125,61.25
2016/6/28,30.78571429,75.07142857
2016/6/29,35.375,58.875
2016/6/30,35.46666667,60.2
2016/7/1,32.125,73.4
2016/7/2,28.4,80
2016/7/3,29.5625,78.125
2016/7/4,30.6875,76.3125
2016/7/5,33.25,68.6875
2016/7/6,33.26666667,64.06666667
2016/7/7,33.5,63
2016/7/8,30.8,75.86666667
2016/7/9,33.25,66.0625
2016/7/10,32.5625,65.6875
2016/7/11,31.5,71.9375
2016/7/12,30.5,80.1875
2016/7/13,31.25,76.3125
2016/7/14,30.4375,80.4375
2016/7/15,31,78.0625
2016/7/16,27.125,93.875
2016/7/17,28.125,86.5625
2016/7/18,27.66666667,91.26666667
2016/7/19,32.3125,69.125
2016/7/20,34.1875,59.5625
2016/7/21,34.13333333,56.86666667
2016/7/22,34.125,56.125
2016/7/23,31.875,66
2016/7/24,31.4375,72.25
2016/7/25,31.9375,69.125
2016/7/26,30.3125,82
2016/7/27,28.3125,88.25
2016/7/28,29.53333333,81.33333333
2016/7/29,27.375,92.4375
2016/7/30,27.33333333,92.26666667
2016/7/31,29.26666667,83.13333333
2016/8/1,29.125,84.25
2016/8/2,30.6875,72.125
2016/8/3,32.5625,63.5625
2016/8/4,33.11111111,63.88888889
2016/8/5,33.8,61.66666667
2016/8/6,30.06666667,76
2016/8/7,33.11764706,65.17647059
2016/8/8,33.80952381,62.38095238
2016/8/9,31.61538462,71.65384615
2016/8/10,32,71.25925926
2016/8/11,28.10714286,89.46428571
2016/8/12,29.03571429,85
2016/8/13,30.32142857,77.07142857
2016/8/14,28.93333333,83.7
2016/8/15,31.67857143,67.64285714
2016/8/16,31.33333333,66.41666667
2016/8/17,29.92857143,72.5
2016/8/18,29.88888889,79.81481481
2016/8/19,32.07142857,68.28571429
2016/8/20,33.18518519,66.48148148
2016/8/21,31.59259259,68.07407407
2016/8/22,32.18518519,65.55555556
2016/8/23,31.48,70.08
2016/8/24,30.17857143,79.28571429
2016/8/25,31.52,72.44
2016/8/26,31.22222222,73.81481481
2016/8/27,31.78571429,70.28571429
2016/8/28,33.4,66.24
2016/8/29,29.57142857,82.32142857
2016/8/30,30.04,76.8
2016/8/31,27.25925926,89.55555556
2016/9/1,27.96,87.24
2016/9/2,30.73913043,71.73913043
2016/9/3,30.89473684,62.68421053
2016/9/4,31.69230769,59.30769231
2016/9/5,31.07692308,60.30769231
2016/9/6,30.375,55
2016/9/7,31.1,57.7
2016/9/8,31.91666667,58
2016/9/9,30.55555556,56.66666667
2016/9/10,31.23076923,58.23076923
2016/9/11,31,56.4
2016/9/12,31.64285714,55.5
2016/9/13,32.53333333,57.06666667
2016/9/14,30.85714286,70.35714286
2016/9/15,31.72727273,59.63636364
2016/9/16,31.4,58
2016/9/17,32.30769231,58
2016/9/18,32.25,58.83333333
2016/9/19,32.375,59.45833333
2016/9/20,33.44444444,54.07407407
2016/9/21,33.36,58.96
2016/9/22,30.03703704,67.62962963
2016/9/23,31,66.10714286
2016/9/24,31.24,66.48
2016/9/25,31.13043478,62.30434783
2016/9/26,31.48,60.88
2016/9/27,32.18518519,57.81481481
2016/9/28,32.44,55.28
2016/9/29,32.22727273,61.31818182
2016/9/30,32.21428571,59.35714286
2016/10/1,32.54166667,61.91666667
2016/10/2,32.81481481,61.81481481
2016/10/3,33.26923077,59.57692308
2016/10/4,30.55555556,69.81481481
2016/10/5,28.83333333,71.875
2016/10/6,30.7037037,64.81481481
2016/10/7,30.96,59.96
2016/10/8,30.6,57.96
2016/10/9,30.92,59.2
2016/10/10,29.77777778,51.11111111
2016/10/11,29.66666667,51.14814815
2016/10/12,29.57142857,47.28571429
2016/10/13,29.96296296,44
2016/10/14,29.75,47.875
2016/10/15,27.74074074,54.14814815
2016/10/16,28.42857143,49.85714286
2016/10/17,28.6,49.24
2016/10/18,28.5,48.45833333
2016/10/19,28.92592593,49.18518519
2016/10/20,29.07692308,47.73076923
2016/10/21,28.40909091,50.40909091
2016/10/22,29.33333333,49.48148148
2016/10/23,27.5,54.96153846
2016/10/24,28.5,51.42307692
2016/10/25,28.04,54.56
2016/10/26,27.57692308,56.19230769
2016/10/27,26.55555556,59.37037037
2016/10/28,25.51851852,58.77777778
2016/10/29,25.81481481,62.77777778
2016/10/30,24.82608696,71.04347826
2016/10/31,24.53846154,66.80769231
2016/11/1,24.38461538,58.73076923
2016/11/2,23.72727273,65.90909091
2016/11/3,25.64,59.76
2016/11/4,24.81481481,58.2962963
2016/11/5,23.11538462,66.57692308
2016/11/6,22.92592593,63.85185185
2016/11/7,24.54545455,51.31818182
2016/11/8,23.73076923,52.26923077
2016/11/9,23,49.7037037
2016/11/10,23.51851852,50.14814815
2016/11/11,23.92,54.04
2016/11/12,23.53846154,58.03846154
2016/11/13,24.2962963,55.81481481
2016/11/14,23.34615385,60.73076923
2016/11/15,22.24,55.72
2016/11/16,21.76923077,53.23076923
2016/11/17,21.73076923,51.73076923
2016/11/18,21.73076923,53.61538462
2016/11/19,20.66666667,60.66666667
2016/11/20,22.25,59.9
2016/11/21,21.53846154,60.46153846
2016/11/22,22.57894737,50.15789474
2016/11/23,22.82608696,51.43478261
2016/11/24,21.42105263,51.47368421
2016/11/25,23.6,30.55
2016/11/26,24.29411765,32.64705882
2016/11/27,23.63636364,33.63636364
2016/11/28,22.45454545,37.31818182
2016/11/29,21.61111111,53.72222222
2016/11/30,19.86956522,80.08695652
2016/12/1,19.75,84
2016/12/2,19.20833333,75.875
2016/12/3,21.20833333,52.16666667
2016/12/4,18.9,55.25
2016/12/5,18.63636364,56.59090909
2016/12/6,18.53846154,69.92307692
2016/12/7,18.25,74.35
2016/12/8,16.9,73.3
2016/12/9,19.41666667,68.125
2016/12/10,16.44444444,82.83333333
2016/12/11,20.04166667,69.58333333
2016/12/12,19.90909091,63.86363636
2016/12/13,19.05,62.35
2016/12/14,18.55555556,58.61111111
2016/12/15,18.16666667,56.625
2016/12/16,15.83333333,63.27777778
2016/12/17,17.5,63.38888889
2016/12/18,16.08333333,64.54166667
2016/12/19,17.85714286,56.0952381
2016/12/20,19.8,48.53333333
2016/12/21,18.05,54.3
2016/12/22,17.28571429,57.85714286
2016/12/23,15.55,74.7
2016/12/24,17.31818182,78.63636364
2016/12/25,14,94.3
2016/12/26,17.14285714,74.85714286
2016/12/27,16.85,67.55
2016/12/28,17.2173913,68.04347826
2016/12/29,15.23809524,87.85714286
2016/12/30,14.0952381,89.66666667
2016/12/31,15.05263158,87
2017/1/1,10,100
